,pm10,pm2_5,so2,co,o3,no2,kualitas
count,365.0,365.0,365.0,365.0,365.0,365.0,365.0
mean,59.81917808219178,92.93972602739726,47.92602739726028,18.424657534246574,57.24383561643835,28.753424657534246,1.3753424657534246
std,13.330134595478928,24.421362584306866,4.569669097274769,7.097666015188672,23.34554682752582,8.677336943228223,0.48487588247508284
min,23.0,40.0,37.0,7.0,15.0,6.0,1.0
25%,52.0,75.0,44.0,14.0,39.0,23.0,1.0
50%,60.0,92.0,49.0,17.0,54.0,28.0,1.0
75%,68.0,111.0,51.0,21.0,71.0,34.0,2.0
max,95.0,165.0,62.0,55.0,181.0,52.0,2.0
